Track name, Artist name, Album, Playlist name, Type, ISRC
Slave To Perfection,One After None,Slave To Perfection,Favorite Songs,Favorite,US23A1500235
What I've Done,Linkin Park,Minutes to Midnight,Favorite Songs,Favorite,USWB10700721
Numb / Encore,JAY-Z,Numb / Encore: MTV Ultimate Mash-Ups Presents Collision Course,Favorite Songs,Favorite,USWB10403681
R.I.P. SCREW,Travis Scott,ASTROWORLD,Favorite Songs,Favorite,USSM11806661
The Mountain,Three Days Grace,The Mountain,Favorite Songs,Favorite,USRC11703664
Cold as Ice,Foreigner,Foreigner (Expanded),Favorite Songs,Favorite,USAT29900657
Alone In A Room,Asking Alexandria,Asking Alexandria,Favorite Songs,Favorite,USYFZ1791001
No Manners,1UP,No Manners,Favorite Songs,Favorite,QZHN31924742
Moon Rover,1UP,Moon Rover,Favorite Songs,Favorite,QZDA81912970
Revive,Ariaa,Revive,Favorite Songs,Favorite,USUM71808041
Fly N Ghetto,Ayo & Teo,Fly N Ghetto,Favorite Songs,Favorite,QMRSZ1902564
Me and My Guitar,A Boogie Wit da Hoodie,Artist 2.0,Favorite Songs,Favorite,USAT22000602
"Lose Yourself - From ""8 Mile"" Soundtrack",Eminem,Curtain Call,Favorite Songs,Favorite,USIR10211559
FRIDAY,916frosty,FRIDAY,Favorite Songs,Favorite,UST8K1882747
Something More,Smirk,Something More,Favorite Songs,Favorite,QZHNC1901925
Ring Ring (with Rvssian feat. Clever),Juice WRLD,Death Race For Love,Favorite Songs,Favorite,USUG11900391
"Wake Up Call (feat. Trippie Redd, Tobi & P Money) - Yoshi Remix",KSI,"Wake Up Call (feat. Trippie Redd, Tobi & P Money) [Yoshi Remix]",Favorite Songs,Favorite,QMRSZ2000598
Stepping Stone,Eminem,Kamikaze,Favorite Songs,Favorite,USUM71813338
Hocus Pocus,DJ Kay Slay,Hocus Pocus,Favorite Songs,Favorite,USKO11900413
Daze,ELIOZIE,Daze,Favorite Songs,Favorite,QM24S1912609
3005,Childish Gambino,Because The Internet,Favorite Songs,Favorite,USYAH1300213
the ends,Travis Scott,Birds In The Trap Sing McKnight,Favorite Songs,Favorite,USSM11607548
For The Night (feat. Lil Baby & DaBaby),Pop Smoke,Shoot For The Stars Aim For The Moon,Favorite Songs,Favorite,USUM72013355
Reality Check,Swae Lee,Reality Check,Favorite Songs,Favorite,USUM72011604
My City,Lil Tjay,State of Emergency,Favorite Songs,Favorite,USSM12002270
Save Me,Skillet,Save Me,Favorite Songs,Favorite,USAT21902849
Bulletproof,Godsmack,When Legends Rise,Favorite Songs,Favorite,QMRSZ1703237
Looking 4 Existence,Yung Pinch,Looking 4 Existence,Favorite Songs,Favorite,USLD91725761
Cash Machine,Oliver Tree,Cash Machine,Favorite Songs,Favorite,USAT21905529
Painkiller,Three Days Grace,Human,Favorite Songs,Favorite,USRC11400506
ADHD,Joyner Lucas,ADHD,Favorite Songs,Favorite,QM7281935517
Candy (feat. Trippie Redd),Machine Gun Kelly,Hotel Diablo,Favorite Songs,Favorite,USUM71909846
Hopelessly Hopeful,Asking Alexandria,Asking Alexandria,Favorite Songs,Favorite,USYFZ1791002
Angel,Theory of a Deadman,Savages,Favorite Songs,Favorite,NLA321400207
Words As Weapons,Seether,Isolate And Medicate,Favorite Songs,Favorite,QMFMK1400003
Dangerous,Seether,Dangerous,Favorite Songs,Favorite,USC4R2007517
Take It From Me,KONGOS,Egomaniac,Favorite Songs,Favorite,USSM11600937
Let Down,Palisades,Palisades,Favorite Songs,Favorite,QMRSZ1600739
On The Road (feat. Meek Mill & Lil Baby),Post Malone,Hollywood's Bleeding,Favorite Songs,Favorite,USUM71915729
WELFARE (feat. Westside Gunn),RMR,DRUG DEALING IS A LOST ART,Favorite Songs,Favorite,USWB12001674
Better Now,Post Malone,beerbongs & bentleys,Playlist 4,Playlist track,USUM71805170
Paranoid,Post Malone,beerbongs & bentleys,Playlist 4,Playlist track,USUM71710835
Wow.,Post Malone,Wow.,Playlist 4,Playlist track,USUM71822626
Blank,Disfigure,Blank,Playlist 4,Playlist track,GB2LD0901580
Let You Down,NF,Perception,Playlist 4,Playlist track,USUM71708226
Psycho (feat. Ty Dolla $ign),Post Malone,beerbongs & bentleys,Playlist 4,Playlist track,USUM71710836
Africa,TOTO,Toto IV,Playlist 4,Playlist track,USSM19801941
Crushed Up,Future,Future Hndrxx Presents: The WIZRD,Playlist 4,Playlist track,USSM11809114
Overdue (with Travis Scott),Metro Boomin,NOT ALL HEROES WEAR CAPES (Deluxe),Playlist 4,Playlist track,USUG11802479
SICKO MODE - Skrillex Remix,Travis Scott,SICKO MODE (Skrillex Remix),Playlist 4,Playlist track,USSM11808418
STOP TRYING TO BE GOD,Travis Scott,ASTROWORLD,Playlist 4,Playlist track,USSM11806662
5% TINT,Travis Scott,ASTROWORLD,Playlist 4,Playlist track,USSM11806666
Antidote,Travis Scott,Rodeo (Expanded Edition),Playlist 4,Playlist track,USSM11505661
No Role Modelz,J. Cole,2014 Forest Hills Drive,Playlist 4,Playlist track,USQX91402598
MIDDLE CHILD,J. Cole,MIDDLE CHILD,Playlist 4,Playlist track,QMJMT1902056
Heartless,Kanye West,808s & Heartbreak,Playlist 4,Playlist track,USUM70840511
Space Cadet (feat. Gunna),Metro Boomin,NOT ALL HEROES WEAR CAPES (Deluxe),Playlist 4,Playlist track,USUG11802484
goosebumps,Travis Scott,Birds In The Trap Sing McKnight,Playlist 4,Playlist track,USSM11607555
Congratulations,Post Malone,Stoney (Deluxe),Playlist 4,Playlist track,USUM71614484
Lucid Dreams,Juice WRLD,Goodbye & Good Riddance,Playlist 4,Playlist track,USUG11800685
Drip Too Hard (Lil Baby & Gunna),Lil Baby,Drip Harder,Playlist 4,Playlist track,USUG11801811
Hard Work Pays Off,Future,Future & Juice WRLD Present... WRLD ON DRUGS,Playlist 4,Playlist track,USSM11808193
All Girls Are The Same,Juice WRLD,Goodbye & Good Riddance,Playlist 4,Playlist track,USUG11800651
Noticed,Lil Mosey,Northsbest,Playlist 4,Playlist track,USUM71809565
Pure Water (with Migos),Mustard,Pure Water (with Migos),Playlist 4,Playlist track,USUM71823137
CAN'T SAY,Travis Scott,ASTROWORLD,Playlist 4,Playlist track,USSM11806670
First Off (feat. Travis Scott),Future,Future Hndrxx Presents: The WIZRD,Playlist 4,Playlist track,USSM11900038
I Don't Die,Joyner Lucas,I Don't Die,Playlist 4,Playlist track,USAT21801030
Winter Blues,Joyner Lucas,508-507-2209,Playlist 4,Playlist track,USAT21700976
Lean Wit Me,Juice WRLD,Goodbye & Good Riddance,Playlist 4,Playlist track,USUG11800945
Nowadays (feat. Landon Cube),Lil Skies,Nowadays (feat. Landon Cube),Playlist 4,Playlist track,USAT21705314
Sunflower - Spider-Man: Into the Spider-Verse,Post Malone,Spider-Man: Into the Spider-Verse (Soundtrack From & Inspired by the Motion Picture),Playlist 4,Playlist track,USUM71814888
STARGAZING,Travis Scott,ASTROWORLD,Playlist 4,Playlist track,USSM11806658
White Iverson,Post Malone,Stoney (Deluxe),Playlist 4,Playlist track,USUM71511528
HELP,AREA21,HELP,Playlist 4,Playlist track,NLM5S1900474
monster,21 Savage,i am > i was,Playlist 4,Playlist track,QZ45A1700096
Tiimmy Turner,Desiigner,Tiimmy Turner,Playlist 4,Playlist track,USUM71606710
Fu shit,Lil Mosey,Northsbest,Playlist 4,Playlist track,USUM71815976
Kamikaze,Lil Mosey,Northsbest,Playlist 4,Playlist track,USUM71813614
Rarri,Lil Mosey,Northsbest,Playlist 4,Playlist track,USUM71813616
Pull Up,Lil Mosey,Northsbest,Playlist 4,Playlist track,TCADL1844972
Burberry Headband,Lil Mosey,Northsbest,Playlist 4,Playlist track,USUM71812362
Bust Down Cartier,Lil Mosey,Bust Down Cartier,Playlist 4,Playlist track,USUM71903119
Trapstar,Lil Mosey,Northsbest,Playlist 4,Playlist track,USUM71815937
Go Flex,Post Malone,Stoney (Deluxe),Playlist 4,Playlist track,USUM71603455
Candy Paint,Post Malone,beerbongs & bentleys,Playlist 4,Playlist track,USUM71711842
Slave To Perfection,One After None,Slave To Perfection,Playlist 4,Playlist track,US23A1500235
Danger (with Migos & Marshmello),Migos,Danger (with Migos & Marshmello) [From Bright: The Album],Playlist 4,Playlist track,USAT21704832
Eye of the Tiger,Survivor,Rocky IV,Playlist 4,Playlist track,USVR19600010
Armed And Dangerous,Juice WRLD,Goodbye & Good Riddance,Playlist 4,Playlist track,USUG11802039
YOSEMITE,Travis Scott,ASTROWORLD,Playlist 4,Playlist track,USSM11806669
Everybody Dies In Their Nightmares,XXXTENTACION,17,Playlist 4,Playlist track,USUYG1156894
Swervin (feat. 6ix9ine),A Boogie Wit da Hoodie,Hoodie SZN,Playlist 4,Playlist track,USAT21812918
"Left Hand (feat. Joey Bada$$, Flatbush Zombies, The Underachievers, Kirk Knight, Nyck Caution, CJ Fly)",Beast Coast,"Left Hand (feat. Joey Bada$$, Flatbush Zombies, The Underachievers, Kirk Knight, Nyck Caution, CJ Fly)",Playlist 4,Playlist track,USSM11901473
Envy Me,Calboy,Envy Me,Playlist 4,Playlist track,USHM91813257
Too Many Gods,A$AP Rocky,For The Throne (Music Inspired by the HBO Series Game of Thrones),Playlist 4,Playlist track,USSM11902659
CIVIL WAR - Bonus,Russ,CIVIL WAR (Bonus),Playlist 4,Playlist track,USSM11902648
Jumpin on a Jet,Future,Future Hndrxx Presents: The WIZRD,Playlist 4,Playlist track,USSM11809125
Pop Out (feat. Lil Tjay),Polo G,Pop Out (feat. Lil Tjay),Playlist 4,Playlist track,USQX91900309
The Flute Song,Russ,ZOO,Playlist 4,Playlist track,USSM11806561
Robbery,Juice WRLD,Death Race For Love,Playlist 4,Playlist track,USUG11900302
BUTTERFLY EFFECT,Travis Scott,ASTROWORLD,Playlist 4,Playlist track,USSM11704799
Brothers,Lil Tjay,Brothers,Playlist 4,Playlist track,USSM11807756
Leave Me Alone,Flipp Dinero,Leave Me Alone,Playlist 4,Playlist track,QMKSC1800039
Paid In Full,SAFE,Paid In Full,Playlist 4,Playlist track,USRC11900404
Red Room,Offset,FATHER OF 4,Playlist 4,Playlist track,USUG11802301
Oouuh - Remix,Fredo Bang,Oouuh (Remix),Playlist 4,Playlist track,USQX91900264
VALENTINO,24kGoldn,VALENTINO,Playlist 4,Playlist track,USQX91803621
Caroline (feat. Polo G),Calboy,Caroline (feat. Polo G),Playlist 4,Playlist track,USRC11901137
Nightmares (feat. Lil Skies),Yung Pinch,Nightmares (feat. Lil Skies),Playlist 4,Playlist track,USSM11807830
My Year,GASHI,My Year,Playlist 4,Playlist track,USRC11803743
THE LOUVRE,BBY GOYARD,Depth Perception EP,Playlist 4,Playlist track,USUS11900102
Heavy Camp (feat. Travis Scott),Blac Youngsta,223,Playlist 4,Playlist track,USSM11801506
Bad Company (feat. BlocBoy JB),A$AP Rocky,Bad Company (feat. BlocBoy JB),Playlist 4,Playlist track,USRC11801012
High Right Now,Tyla Yaweh,Heart Full of Rage,Playlist 4,Playlist track,USSM11901124
"Coast/Clear (feat. Joey Bada$$, Flatbush Zombies, Kirk Knight, Nyck Caution & Issa Gold)",Beast Coast,"Coast/Clear (feat. Joey Bada$$, Flatbush Zombies, Kirk Knight, Nyck Caution & Issa Gold)",Playlist 4,Playlist track,USSM11902298
In the End,Linkin Park,Hybrid Theory (Bonus Edition),Playlist 4,Playlist track,USWB10002407
No I in Team,Arizona Zervas,No I in Team,Playlist 4,Playlist track,QM2PV1803060
Zone,Arizona Zervas,Zone,Playlist 4,Playlist track,QZ9Y21706987
Helen Keller,Arizona Zervas,Helen Keller,Playlist 4,Playlist track,QMPKX1712623
WAKA,6ix9ine,DUMMY BOY,Playlist 4,Playlist track,QMEU31821956
What I've Done,Linkin Park,Minutes to Midnight,Playlist 4,Playlist track,USWB10700721
Ransom,Lil Tecca,Ransom,Playlist 4,Playlist track,QZ85M1940160
The London (feat. J. Cole & Travis Scott),Young Thug,The London (feat. J. Cole & Travis Scott),Playlist 4,Playlist track,USAT21903320
Wow. - Remix,Post Malone,Wow. (Remix),Playlist 4,Playlist track,USUM71904477
RICKY,Denzel Curry,RICKY,Playlist 4,Playlist track,USC4R1902692
Places + Faces,Aminé,Places + Faces,Playlist 4,Playlist track,USUM71908448
Worth It,YK Osiris,Worth It,Playlist 4,Playlist track,USUM71821752
Handful,Chaz French,Handful,Playlist 4,Playlist track,USUM71905617
Numb / Encore,JAY-Z,Numb / Encore: MTV Ultimate Mash-Ups Presents Collision Course,Playlist 4,Playlist track,USWB10403681
Faint,Linkin Park,Meteora,Playlist 4,Playlist track,USWB10300468
NUMB,XXXTENTACION,?,Playlist 4,Playlist track,USUG11800453
Numb,Linkin Park,Meteora,Playlist 4,Playlist track,USWB10300474
Rubik,Distrion,Rubik,Playlist 4,Playlist track,GB2LD0901858
Look Back at It,A Boogie Wit da Hoodie,Hoodie SZN,Playlist 4,Playlist track,USAT21812667
Lucky You (feat. Joyner Lucas),Eminem,Kamikaze,Playlist 4,Playlist track,USUM71813334
Project Dreams,Marshmello,Project Dreams,Playlist 4,Playlist track,TCADZ1825745
ZEZE (feat. Travis Scott & Offset),Kodak Black,ZEZE (feat. Travis Scott & Offset),Playlist 4,Playlist track,USAT21811523
Energy,Elektronomia,Energy,Playlist 4,Playlist track,GB2LD0902478
When I Grow Up,NF,When I Grow Up,Playlist 4,Playlist track,USUM71910672
Sweet Thing,Ylti,Sweet Thing,Playlist 4,Playlist track,QZES71846513
Ransom,Lil Tecca,Ransom,Playlist 4,Playlist track,QZ85M1940160
Feeling,Juice WRLD,Death Race For Love,Playlist 4,Playlist track,USUG11900388
Ballin' (with Roddy Ricch),Mustard,Perfect Ten,Playlist 4,Playlist track,USUM71911808
Numb,21 Savage,Issa Album,Playlist 4,Playlist track,USSM11705537
R.I.P. SCREW,Travis Scott,ASTROWORLD,Playlist 4,Playlist track,USSM11806661
Nightcrawler (feat. Swae Lee & Chief Keef),Travis Scott,Rodeo (Expanded Edition),Playlist 4,Playlist track,USSM11506733
Motorcycle Patches,Huncho Jack,"Huncho Jack, Jack Huncho",Playlist 4,Playlist track,USUM71714114
Saint,Huncho Jack,"Huncho Jack, Jack Huncho",Playlist 4,Playlist track,USUM71714118
Sky Walker (feat. Travis Scott),Miguel,War & Leisure,Playlist 4,Playlist track,USRC11701703
Champion (feat. Travis Scott),NAV,RECKLESS,Playlist 4,Playlist track,USUM71806667
ASTROTHUNDER,Travis Scott,ASTROWORLD,Playlist 4,Playlist track,USSM11806668
Breeze,Take/Five,Found Footage,Playlist 4,Playlist track,QM4DW1760410
"Chariot (feat. Meek Mill, Lil Durk & Young Thug)",Calboy,Wildboy,Playlist 4,Playlist track,USRC11901300
Papercut,Linkin Park,Hybrid Theory (Bonus Edition),Playlist 4,Playlist track,USWB10002403
High Voltage,Linkin Park,Hybrid Theory (Bonus Edition),Playlist 4,Playlist track,USWB10003251
I,Lil Skies,Shelby,Playlist 4,Playlist track,USAT21901411
Sanguine Paradise,Lil Uzi Vert,Sanguine Paradise,Playlist 4,Playlist track,USAT21902376
Message In A Bottle,The Police,Reggatta De Blanc (Remastered 2003),Playlist 4,Playlist track,GBAAM0201170
A Thousand Bad Times,Post Malone,Hollywood's Bleeding,Playlist 4,Playlist track,USUM71915724
Myself,Post Malone,Hollywood's Bleeding,Playlist 4,Playlist track,USUM71915734
Saint-Tropez,Post Malone,Hollywood's Bleeding,Playlist 4,Playlist track,USUM71915733
Hollywood's Bleeding,Post Malone,Hollywood's Bleeding,Playlist 4,Playlist track,USUM71915730
Enemies (feat. DaBaby),Post Malone,Hollywood's Bleeding,Playlist 4,Playlist track,USUM71915725
Allergic,Post Malone,Hollywood's Bleeding,Playlist 4,Playlist track,USUM71915722
Circles,Post Malone,Hollywood's Bleeding,Playlist 4,Playlist track,USUM71915699
On The Road (feat. Meek Mill & Lil Baby),Post Malone,Hollywood's Bleeding,Playlist 4,Playlist track,USUM71915729
Take What You Want (feat. Ozzy Osbourne & Travis Scott),Post Malone,Hollywood's Bleeding,Playlist 4,Playlist track,USUM71915731
I'm Gonna Be,Post Malone,Hollywood's Bleeding,Playlist 4,Playlist track,USUM71915727
Goodbyes (feat. Young Thug),Post Malone,Hollywood's Bleeding,Playlist 4,Playlist track,USUM71912330
Wow.,Post Malone,Hollywood's Bleeding,Playlist 4,Playlist track,USUM71822626
Empty,Juice WRLD,Death Race For Love,Playlist 4,Playlist track,USUG11900318
Seven Nation Army,The White Stripes,Elephant,Playlist 4,Playlist track,GBBKS0200608
Working for the Weekend - Remastered,Loverboy,Get Lucky,Playlist 4,Playlist track,CAC220600030
Did It Again,Lil Tecca,We Love You Tecca,Playlist 4,Playlist track,USUG11902664
Fast,Juice WRLD,Death Race For Love,Playlist 4,Playlist track,USUG11900385
Mixed Personalities (feat. Kanye West),YNW Melly,We All Shine,Playlist 4,Playlist track,QMCE31902201
emotions,iann dior,nothings ever good enough,Playlist 4,Playlist track,QMEU31903781
Hear Me Calling,Juice WRLD,Death Race For Love,Playlist 4,Playlist track,USUG11900313
Arms Around You (feat. Maluma & Swae Lee),XXXTENTACION,Arms Around You (feat. Maluma & Swae Lee),Playlist 4,Playlist track,USWB11802264
MANIFEST,STARSET,MANIFEST,Playlist 4,Playlist track,US5261923235
Right Now,Fire From The Gods,Right Now,Playlist 4,Playlist track,USDPK1900046
Save Me,Skillet,Save Me,Playlist 4,Playlist track,USAT21902849
MANTRA,Bring Me The Horizon,MANTRA,Playlist 4,Playlist track,GBARL1801065
Killing Me Slowly,Bad Wolves,Killing Me Slowly,Playlist 4,Playlist track,USDPK1900058
Broken Heart,Escape the Fate,I Am Human,Playlist 4,Playlist track,USDPK1700211
Alone In A Room,Asking Alexandria,Asking Alexandria,Playlist 4,Playlist track,USYFZ1791001
Infra-Red,Three Days Grace,Outsider,Playlist 4,Playlist track,USRC11703666
S01E02.Return.Of.The.Arsonist.720p.HDTV.x264,Blood Command,S01E02.Return.Of.The.Arsonist.720p.HDTV.x264,Playlist 4,Playlist track,NOFYF1810020
When Legends Rise,Godsmack,When Legends Rise,Playlist 4,Playlist track,QMRSZ1703236
Bulletproof,Godsmack,When Legends Rise,Playlist 4,Playlist track,QMRSZ1703237
Broken,From Ashes to New,The Future,Playlist 4,Playlist track,USDPK1800008
Runaway,Bon Jovi,Bon Jovi,Playlist 4,Playlist track,USPR39402231
Cold as Ice,Foreigner,Foreigner (Expanded),Playlist 4,Playlist track,USAT29900657
Nowhere To Run,Fozzy,Nowhere To Run,Playlist 4,Playlist track,USQX91902024
Into The Fire,Asking Alexandria,Asking Alexandria,Playlist 4,Playlist track,USYFZ1789101
Where Did It Go?,Asking Alexandria,Asking Alexandria,Playlist 4,Playlist track,USYFZ1791003
Right Left Wrong,Three Days Grace,Outsider,Playlist 4,Playlist track,USRC11703663
223's (feat. 9lokknine),YNW Melly,223's (feat. 9lokknine),Playlist 4,Playlist track,QMCE31902418
World Fall Down,Just Juice,World Fall Down,Playlist 4,Playlist track,SE5VF1906677
Bezerk (feat. A$AP Ferg),Big Sean,Bezerk,Playlist 4,Playlist track,USUM71911828
Courtesy Call,Thousand Foot Krutch,The End Is Where We Begin,Playlist 4,Playlist track,TCABF1202218
The Mountain,Three Days Grace,The Mountain,Playlist 4,Playlist track,USRC11703664
Photograph,Def Leppard,Pyromania,Playlist 4,Playlist track,GBF088300067
Somebody,Internet Money,Somebody,Playlist 4,Playlist track,QZJ841900026
Painkiller,Three Days Grace,Human,Playlist 4,Playlist track,USRC11400506
Our House,Madness,Madness,Playlist 4,Playlist track,USGF18200301
Mannequin,ZUHAIR,Protégé,Playlist 4,Playlist track,TCADJ1748179
HIGHEST IN THE ROOM,Travis Scott,HIGHEST IN THE ROOM,Playlist 4,Playlist track,USSM11904276
Feel Invincible,Skillet,Unleashed,Playlist 4,Playlist track,USAT21601370
Drugs,Falling In Reverse,Drugs,Playlist 4,Playlist track,USEP41915001
Bandit (with YoungBoy Never Broke Again),Juice WRLD,Bandit (with YoungBoy Never Broke Again),Playlist 4,Playlist track,USUG11903492
So Fast,Lil Mosey,Certified Hitmaker,Playlist 4,Playlist track,USUM71911879
Stuck In A Dream (feat. Gunna),Lil Mosey,Stuck In A Dream (feat. Gunna),Playlist 4,Playlist track,USUM71911881
Hot (feat. Gunna),Young Thug,So Much Fun,Playlist 4,Playlist track,USAT21904711
Lifeline,Thousand Foot Krutch,Exhale,Playlist 4,Playlist track,QMF921650018
Daze,ELIOZIE,Daze,Playlist 4,Playlist track,QM24S1912609
Taking A Walk,Trippie Redd,LIFE'S A TRIP,Playlist 4,Playlist track,QMEU31814796
Raise the Roof (feat. Ty Dolla $ign),Kap G,no kap,Playlist 4,Playlist track,USAT21807868
Legendary,Skillet,Victorious,Playlist 4,Playlist track,USAT21902540
Impossible,Manafest,Glory,Playlist 4,Playlist track,TCAAY1175284
A Little Faster,There For Tomorrow,A Little Faster,Playlist 4,Playlist track,USHR20953002
War of Change,Thousand Foot Krutch,The End Is Where We Begin,Playlist 4,Playlist track,TCABF1202219
Get Me Out,No Resolve,Get Me Out,Playlist 4,Playlist track,uscgh1393557
Erase The Pain,Palisades,Erase The Pain,Playlist 4,Playlist track,QMRSZ1801981
Let Down,Palisades,Palisades,Playlist 4,Playlist track,QMRSZ1600739
Untraveled Road,Thousand Foot Krutch,OXYGEN:INHALE,Playlist 4,Playlist track,QMF921450146
Stranger Things,Joyner Lucas,Stranger Things,Playlist 4,Playlist track,USAT21800845
ADHD,Joyner Lucas,ADHD,Playlist 4,Playlist track,QM7281935517
Vinyls,1UP,Vinyls,Playlist 4,Playlist track,QM2PV1823934
No Manners,1UP,No Manners,Playlist 4,Playlist track,QZHN31924742
Moon Rover,1UP,Moon Rover,Playlist 4,Playlist track,QZDA81912970
Tip Toe (feat. A Boogie Wit da Hoodie),Roddy Ricch,Tip Toe (feat. A Boogie Wit da Hoodie),Playlist 4,Playlist track,USAT21906657
I Think I'm OKAY (with YUNGBLUD & Travis Barker),Machine Gun Kelly,Hotel Diablo,Playlist 4,Playlist track,USUM71909845
The World Calling,There For Tomorrow,A Little Faster,Playlist 4,Playlist track,USHR20953011
Waiting,There For Tomorrow,There For Tomorrow (Deluxe Edition),Playlist 4,Playlist track,USHR20853004
All In,Branco,All In,Playlist 4,Playlist track,DK4YA1908001
Kyrie,88GLAM,88GLAM RELOADED,Playlist 4,Playlist track,TCADI1770751
Pull Up (feat. NAV),A Boogie Wit da Hoodie,Hoodie SZN,Playlist 4,Playlist track,USAT21802883
Odee,A Boogie Wit da Hoodie,Hoodie SZN,Playlist 4,Playlist track,USAT21812932
SAD!,XXXTENTACION,?,Playlist 4,Playlist track,USUG11800208
pick up the phone,Young Thug,pick up the phone,Playlist 4,Playlist track,USSM11604495
The Box,Roddy Ricch,Please Excuse Me For Being Antisocial,Playlist 4,Playlist track,USAT21906978
Legends,Juice WRLD,Legends,Playlist 4,Playlist track,USUG11801263
I've Been Waiting (w/ ILoveMakonnen & Fall Out Boy),Lil Peep,I've Been Waiting (w/ ILoveMakonnen & Fall Out Boy),Playlist 4,Playlist track,USQX91900290
Drowning (feat. Kodak Black),A Boogie Wit da Hoodie,The Bigger Artist,Playlist 4,Playlist track,USAT21701817
Let Me Know (I Wonder Why Freestyle),Juice WRLD,Let Me Know (I Wonder Why Freestyle),Playlist 4,Playlist track,USUG11903494
Trapped in My Mind,Adam Oh,Trapped in My Mind,Playlist 4,Playlist track,QZHN31962353
Candy (feat. Trippie Redd),Machine Gun Kelly,Hotel Diablo,Playlist 4,Playlist track,USUM71909846
Revive,Ariaa,Revive,Playlist 4,Playlist track,USUM71808041
Hoop (feat. Quavo),French Montana,MONTANA,Playlist 4,Playlist track,USSM11914356
Slide (feat. Blueface & Lil Tjay),French Montana,MONTANA,Playlist 4,Playlist track,USSM11902639
War Baby,Roddy Ricch,Please Excuse Me For Being Antisocial,Playlist 4,Playlist track,USAT21906989
OUT WEST (feat. Young Thug),JACKBOYS,JACKBOYS,Playlist 4,Playlist track,USSM11914988
WHAT TO DO? (feat. Don Toliver),JACKBOYS,JACKBOYS,Playlist 4,Playlist track,USSM11914985
Started From the Bottom,Drake,Nothing Was The Same,Playlist 4,Playlist track,USCM51300064
SPACE DASH,916frosty,SPACE DASH,Playlist 4,Playlist track,QZDA51993142
No Love,SPACE914,SP4CE,Playlist 4,Playlist track,QZJG51912496
Fiji (Bonus Track),Lil Loski,Life Without Heartbreak,Playlist 4,Playlist track,TCAEB1966694
Life Is Good (feat. Drake),Future,Life Is Good (feat. Drake),Playlist 4,Playlist track,USSM11914962
High Fashion (feat. Mustard),Roddy Ricch,Please Excuse Me For Being Antisocial,Playlist 4,Playlist track,USAT21906985
Sum 2 Prove,Lil Baby,Sum 2 Prove,Playlist 4,Playlist track,USUG11902886
I Took A Pill In Ibiza - Seeb Remix,Mike Posner,"At Night, Alone.",Playlist 4,Playlist track,USUM71509342
Start Wit Me (feat. Gunna),Roddy Ricch,Please Excuse Me For Being Antisocial,Playlist 4,Playlist track,USAT21905968
Step,NLE Choppa,Cottonwood,Playlist 4,Playlist track,QZJG51984934
Over It (feat. Wiz Khalifa),Yung Pinch,Over It (feat. Wiz Khalifa),Playlist 4,Playlist track,USLD91723136
Millions,Young Thug,So Much Fun (Deluxe),Playlist 4,Playlist track,USAT21907515
Rap God,Eminem,The Marshall Mathers LP2,Playlist 4,Playlist track,USUM71314079
Dirty Iyanna,YoungBoy Never Broke Again,Dirty Iyanna,Playlist 4,Playlist track,USAT21907063
Make No Sense,YoungBoy Never Broke Again,AI YoungBoy 2,Playlist 4,Playlist track,USAT21904061
Slime Belief,YoungBoy Never Broke Again,Realer,Playlist 4,Playlist track,USAT21813086
Outside Today,YoungBoy Never Broke Again,Until Death Call My Name (Reloaded),Playlist 4,Playlist track,USAT21800223
Celebrate (feat. Travis Scott & Post Malone),DJ Khaled,Father Of Asahd,Playlist 4,Playlist track,USSM11903539
MD (feat. Niska),4Keus,Vie d'artiste,Playlist 4,Playlist track,FR7U61900134
93% [Tijuana],GLK,93% [Tijuana],Playlist 4,Playlist track,FR9W11926574
Jamais,Mister V,Jamais,Playlist 4,Playlist track,FR9W11926831
No Idea,Don Toliver,No Idea,Playlist 4,Playlist track,USAT21903300
Distant,Maes,Distant,Playlist 4,Playlist track,FR9W11928287
Godzilla (feat. Juice WRLD),Eminem,Music To Be Murdered By,Playlist 4,Playlist track,USUM72000788
Out Of Your Mind (feat. Chris Brown),French Montana,MONTANA,Playlist 4,Playlist track,USSM11914355
Fly N Ghetto,Ayo & Teo,Fly N Ghetto,Playlist 4,Playlist track,QMRSZ1902564
King Of Nowhere,Clever,Who is Clever?,Playlist 4,Playlist track,CA5KR1960107
Money to the Light,Clever,Money to the Light,Playlist 4,Playlist track,QZ5FA1950513
Apartments,Clever,Who is Clever?,Playlist 4,Playlist track,CA5KR1960105
Wooden Box,Clever,Who is Clever?,Playlist 4,Playlist track,CA5KR1960102
When Only You Will Do (feat. Droc),Clever,When Only You Will Do (feat. Droc),Playlist 4,Playlist track,QZ5FA1753285
Loyalty,Clever,Loyalty,Playlist 4,Playlist track,TCAED1984734
Madness,Clever,Madness,Playlist 4,Playlist track,QMFME1940233
Mood Swings,A Boogie Wit da Hoodie,Mood Swings,Playlist 4,Playlist track,USAT21904797
Like Us,Ayo & Teo,Like Us,Playlist 4,Playlist track,USSM11710644
Unaccommodating (feat. Young M.A),Eminem,Music To Be Murdered By,Playlist 4,Playlist track,USUM72000783
Murda (feat. Trippie Redd),YoungBoy Never Broke Again,Decided,Playlist 4,Playlist track,USAT21811173
TTG (feat. Kevin Gates),YoungBoy Never Broke Again,4Respect 4Freedom 4Loyalty 4WhatImportant,Playlist 4,Playlist track,USAT21810874
Beast Mode (feat. PnB Rock & YoungBoy Never Broke Again),A Boogie Wit da Hoodie,The Bigger Artist,Playlist 4,Playlist track,USAT21703538
Diamond Teeth Samurai,YoungBoy Never Broke Again,Until Death Call My Name (Reloaded),Playlist 4,Playlist track,USAT21800222
Matrix,Jerome,Matrix,Playlist 4,Playlist track,QZES71959211
League Him,Dot,League Him,Playlist 4,Playlist track,QZ22B2091109
"Lose Yourself - From ""8 Mile"" Soundtrack",Eminem,Curtain Call (Deluxe),Playlist 4,Playlist track,USIR10211559
The Real Slim Shady,Eminem,The Marshall Mathers LP,Playlist 4,Playlist track,USIR10000448
Last Name (feat. Lil Durk),Future,Last Name (feat. Lil Durk),Playlist 4,Playlist track,USSM11914308
Radical,Future,Monster,Playlist 4,Playlist track,USSM11913506
In My Room,Frank Ocean,In My Room,Playlist 4,Playlist track,QM24S1926435
Minor Gangsters (Gully),Hare Squead,Minor Gangsters (Gully),Playlist 4,Playlist track,QZC5P1800113
King Of My City,A Boogie Wit da Hoodie,King Of My City,Playlist 4,Playlist track,USAT22000244
I Don't Sleep (ft. Takeoff),Lil Wayne,Funeral,Playlist 4,Playlist track,USUG12000377
WHATS POPPIN,Jack Harlow,WHATS POPPIN,Playlist 4,Playlist track,USAT22000162
GUESS WHAT (feat. Rick Ross),Russ,SHAKE THE SNOW GLOBE,Playlist 4,Playlist track,USSM11914598
Know You Know (ft. 2 Chainz),Lil Wayne,Funeral,Playlist 4,Playlist track,USUG12000378
Letter To Nipsey (feat. Roddy Ricch),Meek Mill,Letter To Nipsey (feat. Roddy Ricch),Playlist 4,Playlist track,USAT22000251
First Place,Polo G,First Place,Playlist 4,Playlist track,USQX92000259
Heart On Ice - Remix,Rod Wave,Ghetto Gospel,Playlist 4,Playlist track,USUYG1274698
Reply (feat. Lil Uzi Vert),A Boogie Wit da Hoodie,Reply (feat. Lil Uzi Vert),Playlist 4,Playlist track,USAT21906590
Weekend (feat. Moneybagg Yo),Yo Gotti,Untrapped,Playlist 4,Playlist track,USSM12000535
Broke In A Minute,Tory Lanez,Broke In A Minute,Playlist 4,Playlist track,USUM72002126
FRIDAY,916frosty,FRIDAY,Playlist 4,Playlist track,UST8K1882747
Marty McFly,7ru7h,Oblivion,Playlist 4,Playlist track,QZFZ41928686
I Get the Bag (feat. Migos),Gucci Mane,Mr. Davis,Playlist 4,Playlist track,USAT21703179
"G.O.A.T Flow (feat. THEMXXNLIGHT) [Produced by Cardo, Co-Produced by ID Labs]",Wiz Khalifa,Fly Times Vol. 1: The Good Fly Young,Playlist 4,Playlist track,USAT21902553
Renegade (Freestyle),RAJAN,Renegade (Freestyle),Playlist 4,Playlist track,TCAEF1960553
Slippery (feat. Gucci Mane),Migos,Culture,Playlist 4,Playlist track,QMCE31600876
Notice Me,Migos,Culture II,Playlist 4,Playlist track,USUM71800988
Thug Love,A Boogie Wit da Hoodie,Artist 2.0,Playlist 4,Playlist track,USAT22000600
Cinderella Story,A Boogie Wit da Hoodie,Artist 2.0,Playlist 4,Playlist track,USAT22000601
Me and My Guitar,A Boogie Wit da Hoodie,Artist 2.0,Playlist 4,Playlist track,USAT22000602
Might Not Give Up (feat. Young Thug),A Boogie Wit da Hoodie,Artist 2.0,Playlist 4,Playlist track,USAT22000603
"Numbers (feat. Roddy Ricch, Gunna and London On Da Track)",A Boogie Wit da Hoodie,Artist 2.0,Playlist 4,Playlist track,USAT22000604
Stain (feat. DaBaby),A Boogie Wit da Hoodie,Artist 2.0,Playlist 4,Playlist track,USAT22000610
Hit 'Em Up (feat. Trap Manny),A Boogie Wit da Hoodie,Artist 2.0,Playlist 4,Playlist track,USAT22000605
DTB 4 Life,A Boogie Wit da Hoodie,Artist 2.0,Playlist 4,Playlist track,USAT22000606
Calm Down (Bittersweet) [feat. Summer Walker],A Boogie Wit da Hoodie,Artist 2.0,Playlist 4,Playlist track,USAT22000607
Another Day Gone (feat. Khalid),A Boogie Wit da Hoodie,Artist 2.0,Playlist 4,Playlist track,USAT22000638
Good Girls Gone Bad,A Boogie Wit da Hoodie,Artist 2.0,Playlist 4,Playlist track,USAT22000608
Blood On My Denim,A Boogie Wit da Hoodie,Artist 2.0,Playlist 4,Playlist track,USAT22000609
R.O.D.,A Boogie Wit da Hoodie,Artist 2.0,Playlist 4,Playlist track,USAT22000612
Big Shit,A Boogie Wit da Hoodie,Artist 2.0,Playlist 4,Playlist track,USAT22000458
Right Back,A Boogie Wit da Hoodie,Artist 2.0,Playlist 4,Playlist track,USAT22000613
Luv Is Art (feat. Lil Uzi Vert),A Boogie Wit da Hoodie,Artist 2.0,Playlist 4,Playlist track,USAT22000614
Streets Don't Love You,A Boogie Wit da Hoodie,Artist 2.0,Playlist 4,Playlist track,USAT22000616
Jungle,A Boogie Wit da Hoodie,Artist,Playlist 4,Playlist track,USAT21602426
Lottery (Renegade),K CAMP,Wayy 2 Kritical,Playlist 4,Playlist track,USUYG1247701
GANG GANG,JACKBOYS,JACKBOYS,Playlist 4,Playlist track,USSM11914990
California,Kota the Friend,California,Playlist 4,Playlist track,QZFZ22045149
Red Eye,YoungBoy Never Broke Again,"Still Flexin, Still Steppin",Playlist 4,Playlist track,USAT22000654
Call Me Late,YoungBoy Never Broke Again,"Still Flexin, Still Steppin",Playlist 4,Playlist track,USAT22000661
Gunsmoke,YoungBoy Never Broke Again,"Still Flexin, Still Steppin",Playlist 4,Playlist track,USAT22000662
Get Ugly,Lil Baby,My Turn,Playlist 4,Playlist track,USUG12000041
Heatin Up (feat. Gunna),Lil Baby,My Turn,Playlist 4,Playlist track,USUG12000045
How,Lil Baby,My Turn,Playlist 4,Playlist track,USUG12000047
Live Off My Closet (feat. Future),Lil Baby,My Turn,Playlist 4,Playlist track,USUG12000060
Commercial (feat. Lil Uzi Vert),Lil Baby,My Turn,Playlist 4,Playlist track,USUG12000062
PTSD,G Herbo,PTSD,Playlist 4,Playlist track,QZ57A2005612
Baby Pluto,Lil Uzi Vert,Eternal Atake,Playlist 4,Playlist track,USAT22001354
KIKA,6ix9ine,DUMMY BOY,Playlist 4,Playlist track,QMEU31821969
Red Roses - LIOHN's Tokyo Drift Remix,Lil Skies,Red Roses (LIOHN's Tokyo Drift Remix),Playlist 4,Playlist track,USAT21804325
"Down Like That (feat. Rick Ross, Lil Baby & S-X)",KSI,"Down Like That (feat. Rick Ross, Lil Baby & S-X)",Playlist 4,Playlist track,QMRSZ1902347
Hocus Pocus,DJ Kay Slay,Hocus Pocus,Playlist 4,Playlist track,USKO11900413
Cap (feat. Lil Durk),Fabolous,Summertime Shootout 3: Coldest Summer Ever,Playlist 4,Playlist track,USUM71923108
Forgot About Dre,Dr. Dre,2001,Playlist 4,Playlist track,USIR19915077
Malfunction,Lil Uzi Vert,Luv Is Rage 2,Playlist 4,Playlist track,USAT21703438
Pull Up (feat. Lil Uzi Vert),Wiz Khalifa,Pull Up (feat. Lil Uzi Vert),Playlist 4,Playlist track,USAT21601765
UnFazed (feat. The Weeknd),Lil Uzi Vert,Luv Is Rage 2,Playlist 4,Playlist track,USAT21703434
Kush - Main,Dr. Dre,Kush,Playlist 4,Playlist track,USUM71028121
California Love - Original Version,2Pac,The Best of 2Pac,Playlist 4,Playlist track,USUG10702628
The Next Episode,Dr. Dre,2001,Playlist 4,Playlist track,USIR19915078
Crack A Bottle,Eminem,Relapse: Refill,Playlist 4,Playlist track,USUM70964942
Still D.R.E.,Dr. Dre,2001,Playlist 4,Playlist track,USIR19905031
Something More,Smirk,Something More,Playlist 4,Playlist track,QZHNC1901925
Flya Than a Runway,Winn,Block Baby,Playlist 4,Playlist track,QZBJP1900002
Sober,Mida$,Sober,Playlist 4,Playlist track,QZES81804817
Walk Em Down (feat. Roddy Ricch),NLE Choppa,Walk Em Down (feat. Roddy Ricch),Playlist 4,Playlist track,USWB12000247
Cardigan,Don Toliver,Heaven Or Hell,Playlist 4,Playlist track,USAT22000786
Heart On Ice,Rod Wave,PTSD,Playlist 4,Playlist track,USUYG1257043
Barbarian (feat. Lil Tjay),Calboy,Barbarian (feat. Lil Tjay),Playlist 4,Playlist track,USRC12000527
Will,Joyner Lucas,Will,Playlist 4,Playlist track,QM4TX2075630
Mockingbird,Eminem,Curtain Call (Deluxe),Playlist 4,Playlist track,USIR10400813
Stepping Stone,Eminem,Kamikaze,Playlist 4,Playlist track,USUM71813338
"You Gon’ Learn (feat. Royce Da 5'9"" & White Gold)",Eminem,Music To Be Murdered By,Playlist 4,Playlist track,USUM72000784
Turks (feat. Travis Scott),NAV,Turks,Playlist 4,Playlist track,USUM72003472
Some Way,NAV,NAV,Playlist 4,Playlist track,USUM71701371
Myself,NAV,NAV,Playlist 4,Playlist track,USUM71701686
Up,NAV,NAV,Playlist 4,Playlist track,USUM71701697
Call Me,NAV,Perfect Timing,Playlist 4,Playlist track,USUG11701084
Held Me Down,NAV,Perfect Timing,Playlist 4,Playlist track,USUG11701139
Do The Most,Tory Lanez,Do The Most,Playlist 4,Playlist track,USUM72006468
Is Everybody Going Crazy?,Nothing But Thieves,Is Everybody Going Crazy?,Playlist 4,Playlist track,GBARL2000130
Cash Machine,Oliver Tree,Cash Machine,Playlist 4,Playlist track,USAT21905529
Hopelessly Hopeful,Asking Alexandria,Asking Alexandria,Playlist 4,Playlist track,USYFZ1791002
Rich And Blind,Juice WRLD,Rich And Blind,Playlist 4,Playlist track,USUG11801264
Revenge,Joyner Lucas,Revenge,Playlist 4,Playlist track,QM4TW2057334
Area Codes,Roddy Ricch,Feed Tha Streets II,Playlist 4,Playlist track,USAT21811789
Overdrive,Far Out,Bridges in Time,Playlist 4,Playlist track,GBKPL2087326
lullaby baby,916frosty,lullaby baby,Playlist 4,Playlist track,QZES81827604
waiting,916frosty,waiting,Playlist 4,Playlist track,QZFZ32014381
Please Don't Die,Dancody,Please Don't Die,Playlist 4,Playlist track,QZK6P1920844
FIND MY WAY,DaBaby,FIND MY WAY,Playlist 4,Playlist track,USUM72003372
Good Day,iann dior,Good Day,Playlist 4,Playlist track,QZJ841900249
Havin My Way (feat. Lil Durk),Lil Skies,Havin My Way (feat. Lil Durk),Playlist 4,Playlist track,USAT22000426
Payroll (feat. Payroll Giovanni),Tee Grizzley,Payroll (feat. Payroll Giovanni),Playlist 4,Playlist track,QMCE32000113
Eye for an Eye,Boslen,Eye for an Eye,Playlist 4,Playlist track,QZDA51901632
Hidden Nights,Boslen,Hidden Nights,Playlist 4,Playlist track,QZFYZ1952126
PRESS,Boslen,BLACK LOTUS,Playlist 4,Playlist track,QM24S1927355
LIGHTSPEED,Boslen,BLACK LOTUS,Playlist 4,Playlist track,QM24S1925789
"Wake Up Call (feat. Trippie Redd, Tobi & P Money) - Yoshi Remix",KSI,"Wake Up Call (feat. Trippie Redd, Tobi & P Money) [Yoshi Remix]",Playlist 4,Playlist track,QMRSZ2000598
Little Boy,KSI,Disstracktions - EP,Playlist 4,Playlist track,GBUM71705148
Ares,KSI,Ares,Playlist 4,Playlist track,QZES81874999
On Point,KSI,On Point,Playlist 4,Playlist track,UKJBU1800144
Uncontrollable (feat. Big Zuu),KSI,Uncontrollable (feat. Big Zuu),Playlist 4,Playlist track,QMDA61835835
Beerus,KSI,New Age,Playlist 4,Playlist track,QZES91800217
Pull Up,KSI,New Age,Playlist 4,Playlist track,QZDA41989649
Wake Up Call (feat. Trippie Redd),KSI,Wake Up Call (feat. Trippie Redd),Playlist 4,Playlist track,QMRSZ2000072
Only The Team (with Lil Mosey & Lil Tjay),Rvssian,Only The Team (with Lil Mosey & Lil Tjay),Playlist 4,Playlist track,USUM72005199
Ring Ring (with Rvssian feat. Clever),Juice WRLD,Death Race For Love,Playlist 4,Playlist track,USUG11900391
Been Thru This Before (with Giggs & SAINt JHN),Marshmello,Been Thru This Before,Playlist 4,Playlist track,CA5KR2030052
HeadBand (feat. 2 Chainz),B.o.B,Underground Luxury,Playlist 4,Playlist track,USAT21301167
Up Down (Do This All Day) (feat. B.o.B),T-Pain,Up Down (Do This All Day) (feat. B.o.B),Playlist 4,Playlist track,USRC11301140
BoBiverse,B.o.B,The Upside Down,Playlist 4,Playlist track,USUYG1181989
With You,Jay Sean,With You,Playlist 4,Playlist track,USUM71903299
Breakout,Almost Famous,Breakout,Playlist 4,Playlist track,USUYG1258254
Kill Me Slowly,Sickick,Kill Me Slowly,Playlist 4,Playlist track,QZFZ61904328
Looking 4 Existence,Yung Pinch,Looking 4 Existence,Playlist 4,Playlist track,USLD91725761
Perfect,Yung Pinch,Perfect,Playlist 4,Playlist track,USSM11903705
20 Years Later,Yung Pinch,4EVERFRIDAY SZN TWO,Playlist 4,Playlist track,USLD91722957
Beach Ballin' (feat. blackbear),Yung Pinch,Back 2 The Beach,Playlist 4,Playlist track,USLD91723131
I Know You (feat. Yung Pinch),Lil Skies,I Know You (feat. Yung Pinch),Playlist 4,Playlist track,USAT21802510
Pina Colada,Yung Pinch,4EVERFRIDAY SZN TWO,Playlist 4,Playlist track,USLD91722961
21,Yung Pinch,21,Playlist 4,Playlist track,USLD91725117
Look Like,Yung Pinch,714Ever,Playlist 4,Playlist track,USUYG1153982
Siamese Twins,Yung Pinch,Siamese Twins,Playlist 4,Playlist track,USLD91725523
DND,Polo G,DND,Playlist 4,Playlist track,USQX92001111
Finer Things,Polo G,Die A Legend,Playlist 4,Playlist track,USQX91803236
"Horses (with PnB Rock, Kodak Black & A Boogie Wit da Hoodie)",PnB Rock,"Horses (with PnB Rock, Kodak Black & A Boogie Wit da Hoodie)",Playlist 4,Playlist track,USAT21700490
Astronomia,Vicetone,Astronomia,Playlist 4,Playlist track,DK4YA1609401
Rap God,Eminem,Rap God,Playlist 4,Playlist track,USUM71314079
That's A Fact,French Montana,That's A Fact,Playlist 4,Playlist track,USSM12002113
Ransom (with Juice WRLD) - Remix,Lil Tecca,Ransom (Remix),Playlist 4,Playlist track,USUG11903068
ROCKSTAR (feat. Roddy Ricch),DaBaby,BLAME IT ON BABY,Playlist 4,Playlist track,USUM72007941
Dämon (feat. Hatik),Monet192,Dämon (feat. Hatik),Playlist 4,Playlist track,DEA622000350
D4L,Future,Dark Lane Demo Tapes,Playlist 4,Playlist track,USSM12002338
B.Q.E,Kota the Friend,B.Q.E,Playlist 4,Playlist track,TCAET2089353
Miss Me,Joseph Black,Miss Me,Playlist 4,Playlist track,QZFZ32026518
Demons & Goblins (feat. Meek Mill),Fivio Foreign,800 BC,Playlist 4,Playlist track,USSM12000230
Hide (feat. Seezyn),Juice WRLD,Spider-Man: Into the Spider-Verse (Soundtrack From & Inspired by the Motion Picture),Playlist 4,Playlist track,USUG11802778
Sur ma route,Black M,Les yeux plus gros que le monde,Playlist 4,Playlist track,FR7U61200414
Prie pour moi (feat. Maître Gims),Maska,Espace-temps,Playlist 4,Playlist track,FR7U61200458
Damdamdeo,Lorenzo,Sex In The City,Playlist 4,Playlist track,FR9W11913925
Je cours,Moha,Je cours,Playlist 4,Playlist track,TCAEN1951894
Ma direction,Sexion D'Assaut,L'Apogée,Playlist 4,Playlist track,FR7U61200003
On avait dit,47ter,L’adresse,Playlist 4,Playlist track,BE8HR1900017
Jamais su,47ter,L’adresse,Playlist 4,Playlist track,BE8HR1900021
Calumet,Hornet La Frappe,Ma ruche,Playlist 4,Playlist track,FRDCN1900050
Street,Maes,Les derniers salopards,Playlist 4,Playlist track,FR9W11921387
Côte Ouest,47ter,L’adresse,Playlist 4,Playlist track,BE8HR1900013
J'me tire,GIMS,Subliminal (La face cachée),Playlist 4,Playlist track,FR7U61200105
Sur la lune,Bigflo & Oli,La vie de rêve,Playlist 4,Playlist track,FRUM71801996
Plus tard,Bigflo & Oli,La vie de rêve,Playlist 4,Playlist track,FRUM71801988
La même,GIMS,Ceinture noire,Playlist 4,Playlist track,FR9W11803167
Sapés comme jamais (feat. Niska) - Pilule bleue,GIMS,Mon coeur avait raison,Playlist 4,Playlist track,FR7U61400704
My Business (feat. Future),NAV,Good Intentions,Playlist 4,Playlist track,USUM72009629
3005,Childish Gambino,Because The Internet,Playlist 4,Playlist track,USYAH1300213
Solitaires (feat. Travis Scott),Future,High Off Life,Playlist 4,Playlist track,USSM12002496
Will,Joyner Lucas,ADHD,Playlist 4,Playlist track,QM4TX2091617
the ends,Travis Scott,Birds In The Trap Sing McKnight,Playlist 4,Playlist track,USSM11607548
way back,Travis Scott,Birds In The Trap Sing McKnight,Playlist 4,Playlist track,USSM11607549
coordinate,Travis Scott,Birds In The Trap Sing McKnight,Playlist 4,Playlist track,USSM11607370
through the late night,Travis Scott,Birds In The Trap Sing McKnight,Playlist 4,Playlist track,USSM11607550
sweet sweet,Travis Scott,Birds In The Trap Sing McKnight,Playlist 4,Playlist track,USSM11607553
outside,Travis Scott,Birds In The Trap Sing McKnight,Playlist 4,Playlist track,USSM11607554
first take,Travis Scott,Birds In The Trap Sing McKnight,Playlist 4,Playlist track,USSM11607556
wonderful,Travis Scott,Birds In The Trap Sing McKnight,Playlist 4,Playlist track,USSM11600033
guidance,Travis Scott,Birds In The Trap Sing McKnight,Playlist 4,Playlist track,USSM11607557
Like a G*d,Surf,Like a G*d,Playlist 4,Playlist track,US28B2002501
Hate Myself,Surf,Bad Human,Playlist 4,Playlist track,QZDA61867619
Martin & Gina,Polo G,THE GOAT,Playlist 4,Playlist track,USQX92002595
Heartless (feat. Mustard),Polo G,THE GOAT,Playlist 4,Playlist track,USQX91902304
Don't Believe The Hype,Polo G,THE GOAT,Playlist 4,Playlist track,USQX92002594
Flex (feat. Juice WRLD),Polo G,THE GOAT,Playlist 4,Playlist track,USQX92002596
Zoo York (feat. Fivio Foreign & Pop Smoke),Lil Tjay,State of Emergency,Playlist 4,Playlist track,USSM12002170
Shoot for the Stars (feat. Fivio Foreign),Lil Tjay,State of Emergency,Playlist 4,Playlist track,USSM12002265
Wet Em Up Pt. 2,Lil Tjay,State of Emergency,Playlist 4,Playlist track,USSM12002264
City on My Back,Lil Tjay,State of Emergency,Playlist 4,Playlist track,USSM12002267
My City,Lil Tjay,State of Emergency,Playlist 4,Playlist track,USSM12002270
Gettin Lit,Lil Tjay,State of Emergency,Playlist 4,Playlist track,USSM12002268
Fake Hugs,Yung Pinch,Summers Over EP,Playlist 4,Playlist track,USLD91721420
Bring Me Down,Yung Pinch,4everheartbroke,Playlist 4,Playlist track,TCADQ1834119
Man in the Mirror,Yung Pinch,4EVERFRIDAY SZN ONE,Playlist 4,Playlist track,TCADB1765340
When I Get Home (Hotel California),Yung Pinch,When I Get Home (Hotel California),Playlist 4,Playlist track,USSM11807831
Empresario,KHEA,Empresario,Playlist 4,Playlist track,CA5KR1840306
Don’t Fall 4 It,Yung Pinch,Summers Over EP,Playlist 4,Playlist track,USLD91721419
2nd Thoughts,Yung Pinch,714Ever,Playlist 4,Playlist track,USUYG1153991
11:11,Yung Pinch,4EVERHEARTBROKE 4,Playlist 4,Playlist track,USLD91724371
Here We Go Again,Yung Pinch,714Ever,Playlist 4,Playlist track,USUYG1153978
Castaway,Yung Pinch,Castaway,Playlist 4,Playlist track,USSM11807204
W (feat. Gunna),Koffee,W (feat. Gunna),Playlist 4,Playlist track,GBARL1901308
Bad Lil Vibe (feat. Jeremih),KSI,Dissimulation,Playlist 4,Playlist track,QMRSZ2000909
How It Feel,KSI,Dissimulation,Playlist 4,Playlist track,QMRSZ2000910
Alone,Of Virtue,What Defines You,Playlist 4,Playlist track,DED831900164
IV. Sweatpants,Childish Gambino,Because the Internet,Playlist 4,Playlist track,USYAH1300223
Hammer Time (feat. 1K Phew),Lecrae,All Things Work Together,Playlist 4,Playlist track,USSM11704469
Whole 9,Flame,Revival,Playlist 4,Playlist track,TCACN1692806
The Bigger Picture,Lil Baby,The Bigger Picture,Playlist 4,Playlist track,USUG12001660
VULTURES CRY 2 (feat. WizDaWizard and Mike Smiff),Kodak Black,VULTURES CRY 2 (feat. WizDaWizard and Mike Smiff),Playlist 4,Playlist track,USAT22003782
Pretty Girls,iann dior,I'm Gone,Playlist 4,Playlist track,QZJ842000282
Tommy Lee (feat. Post Malone),Tyla Yaweh,Tommy Lee (feat. Post Malone),Playlist 4,Playlist track,USSM12003633
WELFARE (feat. Westside Gunn),RMR,DRUG DEALING IS A LOST ART,Playlist 4,Playlist track,USWB12001674
Get Up,T-Pain,Get Up,Playlist 4,Playlist track,USUYG1317511
Heartbroken,Yungeen Ace,Heartbroken,Playlist 4,Playlist track,QMKSC1901137
Leave Me On Read,YK Osiris,Leave Me On Read,Playlist 4,Playlist track,USUM72010765
"Slide (Remix) (feat. Pop Smoke, A Boogie Wit da Hoodie & Chris Brown)",H.E.R.,"Slide (Remix) (feat. Pop Smoke, A Boogie Wit da Hoodie & Chris Brown)",Playlist 4,Playlist track,USRC12000150
Demons and Angels (feat. Juice WRLD),A Boogie Wit da Hoodie,Hoodie SZN,Playlist 4,Playlist track,USAT21812920
Bleed,A Boogie Wit da Hoodie,Bleed,Playlist 4,Playlist track,USAT22003774
Say A',A Boogie Wit da Hoodie,The Bigger Artist,Playlist 4,Playlist track,USAT21703674
Up to Something,Smirk,Up to Something,Playlist 4,Playlist track,QZDA52039590
The Smartest Intro,Tee Grizzley,The Smartest,Playlist 4,Playlist track,QMCE32000268
I Apologize,Tee Grizzley,The Smartest,Playlist 4,Playlist track,QMCE32000269
Trenches (feat. Big Sean),Tee Grizzley,The Smartest,Playlist 4,Playlist track,QMCE32000270
Rap A Lot,Tee Grizzley,The Smartest,Playlist 4,Playlist track,QMCE32000271
The Funeral,Tee Grizzley,The Smartest,Playlist 4,Playlist track,QMCE32000272
No Witness,Tee Grizzley,The Smartest,Playlist 4,Playlist track,QMCE32000274
Picture of My City,Tee Grizzley,The Smartest,Playlist 4,Playlist track,QMCE32000275
Covid (feat. Lil Baby),Tee Grizzley,The Smartest,Playlist 4,Playlist track,QMCE32000276
Timeless,Tee Grizzley,The Smartest,Playlist 4,Playlist track,QMCE32000277
Everything,Tee Grizzley,The Smartest,Playlist 4,Playlist track,QMCE32000279
Double Standards,Tee Grizzley,The Smartest,Playlist 4,Playlist track,QMCE32000280
Daylight,Tee Grizzley,The Smartest,Playlist 4,Playlist track,QMCE32000281
Winning,Tee Grizzley,The Smartest,Playlist 4,Playlist track,QMCE32000282
Satish,Tee Grizzley,The Smartest,Playlist 4,Playlist track,QMCE31902459
First Day Out,Tee Grizzley,My Moment,Playlist 4,Playlist track,TCACT1656901
From The D To The A (feat. Lil Yachty),Tee Grizzley,From The D To The A (feat. Lil Yachty),Playlist 4,Playlist track,QMCE31700982
Young Grizzley World (feat. A Boogie Wit Da Hoodie & YNW Melly),Tee Grizzley,Scriptures,Playlist 4,Playlist track,QMCE31902254
I Spy,Tee Grizzley,I Spy,Playlist 4,Playlist track,QMCE32000134
Fuck It Off (feat. Chris Brown),Tee Grizzley,Activated,Playlist 4,Playlist track,QMCE31801753
2 Vaults (feat. Lil Yachty),Tee Grizzley,Activated,Playlist 4,Playlist track,QMCE31801731
Freddy Krueger (feat. Tee Grizzley),YNW Melly,Freddy Krueger (feat. Tee Grizzley),Playlist 4,Playlist track,QMCE31802115
No Effort,Tee Grizzley,My Moment,Playlist 4,Playlist track,QMCE31700959
God's Warrior,Tee Grizzley,Scriptures,Playlist 4,Playlist track,QMCE31902109
Beef (feat. Meek Mill),Tee Grizzley,Beef (feat. Meek Mill),Playlist 4,Playlist track,QMCE31701342
Lost and Found (feat. YNW Melly),Tee Grizzley,Still My Moment,Playlist 4,Playlist track,QMCE31802076
Reality Check,Swae Lee,Reality Check,Playlist 4,Playlist track,USUM72011604
"Ego Death (feat. Kanye West, FKA twigs & Skrillex)",Ty Dolla $ign,"Ego Death (feat. Kanye West, FKA twigs & Skrillex)",Playlist 4,Playlist track,USAT22004033
For The Night (feat. Lil Baby & DaBaby),Pop Smoke,Shoot For The Stars Aim For The Moon,Playlist 4,Playlist track,USUM72013355
Aim For The Moon (feat. Quavo),Pop Smoke,Shoot For The Stars Aim For The Moon,Playlist 4,Playlist track,USUM72013369
Gangstas,Pop Smoke,Shoot For The Stars Aim For The Moon,Playlist 4,Playlist track,USUM72013354
Yea Yea,Pop Smoke,Shoot For The Stars Aim For The Moon,Playlist 4,Playlist track,USUM72002027
The Woo (feat. 50 Cent & Roddy Ricch),Pop Smoke,Shoot For The Stars Aim For The Moon,Playlist 4,Playlist track,USUM72013367
West Coast Shit (feat. Tyga & Quavo),Pop Smoke,Shoot For The Stars Aim For The Moon,Playlist 4,Playlist track,USUM72013370
Enjoy Yourself (feat. Karol G),Pop Smoke,Shoot For The Stars Aim For The Moon,Playlist 4,Playlist track,USUM72013349
Mood Swings (feat. Lil Tjay),Pop Smoke,Shoot For The Stars Aim For The Moon,Playlist 4,Playlist track,USUM72013632
Something Special,Pop Smoke,Shoot For The Stars Aim For The Moon,Playlist 4,Playlist track,USUM72013344
What You Know Bout Love,Pop Smoke,Shoot For The Stars Aim For The Moon,Playlist 4,Playlist track,USUM72013339
Got It On Me,Pop Smoke,Shoot For The Stars Aim For The Moon,Playlist 4,Playlist track,USUM72013361
Tunnel Vision (Outro),Pop Smoke,Shoot For The Stars Aim For The Moon,Playlist 4,Playlist track,USUM72013359
Dior - Bonus,Pop Smoke,Shoot For The Stars Aim For The Moon,Playlist 4,Playlist track,USUM71914275
Element,Pop Smoke,Meet The Woo 2,Playlist 4,Playlist track,USUM72002041
Invincible,Pop Smoke,Meet The Woo 2,Playlist 4,Playlist track,USUM72002003
Foreigner (feat. A Boogie Wit da Hoodie),Pop Smoke,Meet The Woo 2,Playlist 4,Playlist track,USUM72002034
PTSD,Pop Smoke,Meet The Woo,Playlist 4,Playlist track,USUM71914278
Wash Us In The Blood,Kanye West,Wash Us In The Blood,Playlist 4,Playlist track,USUM72013565
Titanic,Juice WRLD,Legends Never Die,Playlist 4,Playlist track,USUG12002099
Bad Energy,Juice WRLD,Legends Never Die,Playlist 4,Playlist track,USUG12001899
Blood On My Jeans,Juice WRLD,Legends Never Die,Playlist 4,Playlist track,USUG12001898
Tell Me U Luv Me (with Trippie Redd),Juice WRLD,Legends Never Die,Playlist 4,Playlist track,USUG12001897
Hate The Other Side (with Marshmello & The Kid Laroi),Juice WRLD,Legends Never Die,Playlist 4,Playlist track,USUG12002092
Get Through It - Interlude,Juice WRLD,Legends Never Die,Playlist 4,Playlist track,USUG12001900
Life's A Mess (feat. Halsey),Juice WRLD,Legends Never Die,Playlist 4,Playlist track,USUG12002091
Come & Go (with Marshmello),Juice WRLD,Legends Never Die,Playlist 4,Playlist track,USUG12001904
I Want It,Juice WRLD,Legends Never Die,Playlist 4,Playlist track,USUG12002094
Fighting Demons,Juice WRLD,Legends Never Die,Playlist 4,Playlist track,USUG12001902
Wishing Well,Juice WRLD,Legends Never Die,Playlist 4,Playlist track,USUG12001905
Screw Juice,Juice WRLD,Legends Never Die,Playlist 4,Playlist track,USUG12002589
Up Up And Away,Juice WRLD,Legends Never Die,Playlist 4,Playlist track,USUG12001906
Stay High,Juice WRLD,Legends Never Die,Playlist 4,Playlist track,USUG12002590
Can't Die,Juice WRLD,Legends Never Die,Playlist 4,Playlist track,USUG12001908
Man Of The Year,Juice WRLD,Legends Never Die,Playlist 4,Playlist track,USUG12002591
Get Back,Pop Smoke,Meet The Woo 2,Playlist 4,Playlist track,USUM72002036
THE SCOTTS,THE SCOTTS,THE SCOTTS,Playlist 4,Playlist track,USSM12002217
3 Headed Goat (feat. Lil Baby & Polo G),Lil Durk,Just Cause Y'all Waited 2,Playlist 4,Playlist track,USUM72009132
F.N,Lil Tjay,True 2 Myself,Playlist 4,Playlist track,USSM11904899
Suicidal (Remix) [feat. Juice WRLD],YNW Melly,Suicidal (Remix) [feat. Juice WRLD],Playlist 4,Playlist track,QMCE32000089
Go Crazy,Chris Brown,Slime & B,Playlist 4,Playlist track,USRC12001468
La paix,KIKESA,PUZZLE,Playlist 4,Playlist track,FR9W11912416
After Party,Don Toliver,Heaven Or Hell,Playlist 4,Playlist track,USAT22001223
Rags2Riches (feat. ATR Son Son),Rod Wave,Pray 4 Love,Playlist 4,Playlist track,USLD91725576
Lion King On Ice,J. Cole,Lewis Street,Playlist 4,Playlist track,QMJMT2003123
Mannequin (feat. Lil Tjay),Pop Smoke,Meet The Woo 2,Playlist 4,Playlist track,USUM72002025
Top Gone (with Lunay),Lil Mosey,Top Gone (with Lunay),Playlist 4,Playlist track,USUM72014343
On the Road,D'Andre Martin,There's Always a Light,Playlist 4,Playlist track,GBKPL1980586
Don't Stop,D'Andre Martin,There's Always a Light,Playlist 4,Playlist track,GBKPL1980589
Overdrive,D'Andre Martin,There's Always a Light,Playlist 4,Playlist track,GBKPL1980584
Give or Take,D'Andre Martin,There's Always a Light,Playlist 4,Playlist track,GBKPL1980593
One Night,D'Andre Martin,There's Always a Light,Playlist 4,Playlist track,GBKPL1980587
Look at My Life,D'Andre Martin,There's Always a Light,Playlist 4,Playlist track,QZES51856401
Ghost,D'Andre Martin,There's Always a Light,Playlist 4,Playlist track,GBKPL1980592
The Force,D'Andre Martin,There's Always a Light,Playlist 4,Playlist track,GBKPL1980585
Family over Fame,D'Andre Martin,There's Always a Light,Playlist 4,Playlist track,GBKPL1980591
Mood (feat. Iann Dior),24kGoldn,Mood (feat. Iann Dior),Playlist 4,Playlist track,USQX92003025
Lemonade,Internet Money,"Lemonade (feat. Gunna, Don Toliver & NAV)",Playlist 4,Playlist track,QZJ842000368
Take It From Me,KONGOS,Egomaniac,Playlist 4,Playlist track,USSM11600937
Angel,Theory of a Deadman,Savages,Playlist 4,Playlist track,NLA321400207
Words As Weapons,Seether,Isolate And Medicate,Playlist 4,Playlist track,QMFMK1400003
With Me,Sum 41,Underclass Hero,Playlist 4,Playlist track,USUM70740344
GREECE (feat. Drake),DJ Khaled,GREECE (feat. Drake),Playlist 4,Playlist track,USSM12004502
Beg,Seether,Beg,Playlist 4,Playlist track,USC4R2007523
Dangerous,Seether,Dangerous,Playlist 4,Playlist track,USC4R2007517
The Shift,10 Years,The Shift,Playlist 4,Playlist track,NLB932001701
Rabbit,Big Story,Rabbit,Playlist 4,Playlist track,TCAER2024622
Not for Nothing,Killakoi,Not for Nothing,Playlist 4,Playlist track,TCAEP1911751
Mountain View,Lakeshore,Mountain View,Playlist 4,Playlist track,TCAER2010288
Lost and Reckless,Sakoya,Lost and Reckless,Playlist 4,Playlist track,QZK6Q1953277
You'll Hate Me,Wake Me,You'll Hate Me,Playlist 4,Playlist track,uscgh2096592
Gravity,Everrest,Gravity,Playlist 4,Playlist track,QZFYY2030359
Not Okay,Paul Bartolome,Screaming Through The Radio,Playlist 4,Playlist track,USA2P2000891
Fake It,Seether,Finding Beauty In Negative Spaces (Bonus Track Version),Playlist 4,Playlist track,USWU30700132
Remedy,Seether,Karma and Effect,Playlist 4,Playlist track,USWU30500016
Careless Whisper,Seether,Finding Beauty In Negative Spaces (Bonus Track Version),Playlist 4,Playlist track,USWU30900001
Bruised And Bloodied,Seether,Bruised And Bloodied,Playlist 4,Playlist track,USC4R2007515
Nobody Praying For Me,Seether,Isolate And Medicate,Playlist 4,Playlist track,QMFMK1400008
Fine Again,Seether,Disclaimer,Playlist 4,Playlist track,USWU30200015
Ashes,Stellar,Ashes,Playlist 4,Playlist track,QZDA52012875
Wolves (feat. Post Malone),Big Sean,Detroit 2,Playlist 4,Playlist track,USUM72016329
I Don't Fuck With You,Big Sean,Dark Sky Paradise,Playlist 4,Playlist track,USUM71414033
Deep Reverence (feat. Nipsey Hussle),Big Sean,Detroit 2,Playlist 4,Playlist track,USUM72016327
Lithuania (feat. Travis Scott),Big Sean,Detroit 2,Playlist 4,Playlist track,USUM72016350
"Friday Night Cypher (feat. Tee Grizzley, Kash Doll, Cash Kidd, Payroll, 42 Dugg, Boldy James, Drego, Sada Baby, Royce Da 5'9"", and Eminem)",Big Sean,Detroit 2,Playlist 4,Playlist track,USUM72016354
Why Would I Stop?,Big Sean,Detroit 2,Playlist 4,Playlist track,USUM72016323
Don Life (feat. Lil Wayne),Big Sean,Detroit 2,Playlist 4,Playlist track,USUM72016352
24 (feat. Lil Baby),Money Man,Epidemic (Deluxe),Playlist 4,Playlist track,USUYG1327132
Loose (feat. KSI),S1mba,Loose (feat. KSI),Playlist 4,Playlist track,GBAYE2000842
Dolly (with Lil Uzi Vert),Lil Tecca,Virgo World,Playlist 4,Playlist track,USUM72018026
When You Down (with Polo G feat. Lil Durk),Lil Tecca,Virgo World,Playlist 4,Playlist track,USUM72018014
Without Me,Fame on Fire,Without Me,Playlist 4,Playlist track,TCAEC1930655
Like a G*d,Surf,Like a G*d,Morning,Playlist track,US28B2002501
Slave To Perfection,One After None,Slave To Perfection,Morning,Playlist track,US23A1500235
BUTTERFLY EFFECT,Travis Scott,ASTROWORLD,Morning,Playlist track,USSM11704799
World Fall Down,Just Juice,World Fall Down,Morning,Playlist track,SE5VF1906677
Breeze,Take/Five,Found Footage,Morning,Playlist track,QM4DW1760410
Fiji (Bonus Track),Lil Loski,Life Without Heartbreak,Morning,Playlist track,TCAEB1966694
Paranoid,Post Malone,beerbongs & bentleys,Morning,Playlist track,USUM71710835
Hollywood's Bleeding,Post Malone,Hollywood's Bleeding,Morning,Playlist track,USUM71915730
Stepping Stone,Eminem,Kamikaze,Morning,Playlist track,USUM71813352
Cardigan,Don Toliver,Heaven Or Hell,Morning,Playlist track,USAT22000786
Looking 4 Existence,Yung Pinch,Looking 4 Existence,Morning,Playlist track,USLD91725761
Astronomia,Vicetone,Astronomia,Morning,Playlist track,DK4YA1609401
Overdrive,Far Out,Bridges in Time,Morning,Playlist track,GBKPL2087326
On avait dit,47ter,L’adresse,Morning,Playlist track,BE8HR1900017
No Manners,1UP,No Manners,Morning,Playlist track,QZHN31924742
Je ne dirai rien (feat. The Shin Sekaï & Doomams),Black M,Les yeux plus gros que le monde,Morning,Playlist track,FR7U61200402
Something More,Smirk,Something More,Morning,Playlist track,QZHNC1901925
The Mountain,Three Days Grace,The Mountain,Morning,Playlist track,USRC11703664
PTSD,G Herbo,PTSD,Morning,Playlist track,QZ57A2005612
Better Now,Post Malone,beerbongs & bentleys,Morning,Playlist track,USUM71805170
Paranoid,Post Malone,beerbongs & bentleys,Morning,Playlist track,USUM71710835
Will,Joyner Lucas,Will,Morning,Playlist track,QM4TX2075630
Africa,Weezer,Africa,Morning,Playlist track,USAT21802455
Warm Up,NF,Warm Up,Morning,Playlist track,USUM71609019
Blank,Disfigure,Blank,Morning,Playlist track,GB2LD0901580
Let You Down,NF,Perception,Morning,Playlist track,USUM71708226
Africa,TOTO,Toto IV,Morning,Playlist track,USSM19801941
